<?xml version="1.0" encoding="utf-8"?><WinCCDesigns Version="7" Company="Siemens AG" CurrentDesignID="1" EnableThemes="1"><Palette /><WinCCDesign DesignID="1" Name="WinCC Dark" Locked="1" CompatibleTextOutput="1"><ObjectStyles><ObjectStyle Name="Design" ObjectID="5" DesignIndex="0"><Color BackgroundColor="ff3a3c4b" FillColor="ff3a3c4b" FillStyle="0" TextColor="ffffffff" LineColor="00000000" LineBackgroundColor="00000000" /></ObjectStyle><ObjectStyle Name="Design" ObjectID="8" DesignIndex="0"><Color BackgroundColor="ff3a3c4b" FillColor="ff414454" FillStyle="0" TextColor="ffffffff" LineColor="ff000000" LineBackgroundColor="ffffffff" /></ObjectStyle><ObjectStyle Name="Design" ObjectID="7" DesignIndex="10"><Color BackgroundColor="ff4a4c54" FillColor="00000000" FillStyle="0" TextColor="00000000" LineColor="00000000" LineBackgroundColor="00000000" /></ObjectStyle><ObjectStyle Name="Design" ObjectID="6" DesignIndex="0"><Color BackgroundColor="ff6c6c6c" FillColor="00000000" FillStyle="0" TextColor="00000000" LineColor="00000000" LineBackgroundColor="00000000" /></ObjectStyle><ObjectStyle Name="Design" ObjectID="4" DesignIndex="20"><Color BackgroundColor="ff3a3c4b" FillColor="00000000" FillStyle="0" TextColor="ffffffff" LineColor="00000000" LineBackgroundColor="00000000" /></ObjectStyle><ObjectStyle Name="Design" ObjectID="3" DesignIndex="0"><Color BackgroundColor="ffe7e7e7" FillColor="fff7f7f7" FillStyle="1048833" TextColor="00000000" LineColor="ff494949" LineBackgroundColor="ffffffff" /></ObjectStyle><ObjectStyle Name="Design" ObjectID="2" DesignIndex="0"><Color BackgroundColor="ffffffff" FillColor="ff8b8b8b" FillStyle="0" TextColor="ff000000" LineColor="ff6d6d6d" LineBackgroundColor="ffffffff" /></ObjectStyle><ObjectStyle Name="Design" ObjectID="1" DesignIndex="10"><Color BackgroundColor="ff3a3c4b" FillColor="00000000" FillStyle="0" TextColor="ffffffff" LineColor="00000000" LineBackgroundColor="00000000" /></ObjectStyle><ObjectStyle Name="Design" ObjectID="0" DesignIndex="30"><Color BackgroundColor="ff3a3c4b" FillColor="00000000" FillStyle="0" TextColor="ffffffff" LineColor="00000000" LineBackgroundColor="00000000" /></ObjectStyle><ObjectStyle Name="Design" ObjectID="52" DesignIndex="0"><Color BackgroundColor="ff7a7a7a" FillColor="ffd0d0d0" FillStyle="1048578" TextColor="00000000" LineColor="00000000" LineBackgroundColor="00000000" /></ObjectStyle><ObjectStyle Name="Design" ObjectID="51" DesignIndex="10"><Color BackgroundColor="ff5a5a5a" FillColor="00000000" FillStyle="0" TextColor="ffffffff" LineColor="00000000" LineBackgroundColor="00000000" /></ObjectStyle><ObjectStyle Name="Design" ObjectID="50" DesignIndex="1"><Color BackgroundColor="00000000" FillColor="00000000" FillStyle="0" TextColor="00000000" LineColor="00000000" LineBackgroundColor="00000000" /></ObjectStyle></ObjectStyles><Shadow OffSetX="2" OffSetY="2" Type="0" Color="6d000000" /><Hover Type="2" Color="96ffffff" /></WinCCDesign></WinCCDesigns>